POST_ID,PLATFORM,DATE_POSTED,CONTENT_TYPE,POST_CONTENT,HASHTAGS,ENGAGEMENT_RATE,IMPRESSIONS,REACHES,LIKES,COMMENTS,SHARES,CLICKS,CONVERSIONS,REVENUE
SM001,Instagram,2024-01-15,Product Showcase,"Meet Max, the adventurous Golden Retriever who was found in just 2 hours thanks to his PetTracker! ğŸ•ğŸ“ #PetSafety #GPS #PawCore","#PetSafety #GPS #PawCore #PetTracker #DogLife",4.2,15000,12000,504,67,89,234,12,2400
SM002,Facebook,2024-01-16,Educational,"Did you know? 1 in 3 pets will get lost at least once in their lifetime. Keep your furry friend safe with PetTracker GPS technology! ğŸ¾ #PetSafety #GPS #PawCore","#PetSafety #GPS #PawCore #PetTracker #PetCare",3.8,25000,18000,684,45,123,189,18,3600
SM003,Twitter,2024-01-17,Testimonial,"'The HealthMonitor saved my cat's life! Detected an irregular heartbeat and alerted me immediately.' - Lisa R. #PetHealth #PawCore","#PetHealth #PawCore #HealthMonitor #PetCare #VetTech",5.1,8000,6500,331,28,56,78,8,1600
SM004,Instagram,2024-01-18,Behind the Scenes,"Behind the scenes at PawCore Systems! Our team working on the next generation of pet wellness technology. ğŸ§ªğŸ”¬ #Innovation #PetTech #PawCore","#Innovation #PetTech #PawCore #BehindTheScenes #Startup",2.9,12000,9000,261,23,34,45,5,1000
SM005,Facebook,2024-01-19,Product Demo,"Watch how easy it is to set up your PetTracker! Just attach, sync, and you're ready to go! ğŸ“±ğŸ• #EasySetup #PetTracker #PawCore","#EasySetup #PetTracker #PawCore #PetSafety #HowTo",4.7,30000,22000,1034,89,156,234,25,5000
SM006,Instagram,2024-01-20,Customer Story,"Sarah's story: 'Max escaped during a thunderstorm, but thanks to PetTracker, I found him safe and sound in just 2 hours!' â¤ï¸ #PetStories #PawCore","#PetStories #PawCore #PetTracker #PetSafety #DogLife",6.2,18000,14000,868,112,178,245,31,6200
SM007,Twitter,2024-01-21,Industry News,"Breaking: Pet wellness technology market expected to reach $5.2B by 2026! PawCore Systems leading the innovation charge! ğŸ“ˆ #PetTech #MarketGrowth #PawCore","#PetTech #MarketGrowth #PawCore #Innovation #PetIndustry",3.4,15000,12000,408,34,67,89,12,2400
SM008,Instagram,2024-01-22,Product Feature,"SmartCollar's LED lights make night walks safer for both you and your pet! âœ¨ğŸ• #NightWalks #SmartCollar #PawCore","#NightWalks #SmartCollar #PawCore #PetSafety #LED",4.8,16000,12500,600,48,92,134,19,3800
SM009,Facebook,2024-01-23,Educational,"Pet health tip: Regular monitoring can detect health issues early! HealthMonitor tracks vital signs 24/7. ğŸ¥ğŸ¾ #PetHealth #HealthMonitor #PawCore","#PetHealth #HealthMonitor #PawCore #PetCare #VetTech",4.1,28000,20000,820,56,134,167,22,4400
SM010,Instagram,2024-01-24,User Generated,"Love seeing our customers share their PetTracker success stories! Tag us in your posts! ğŸ“¸ğŸ• #CustomerLove #PetTracker #PawCore","#CustomerLove #PetTracker #PawCore #UserGenerated #PetStories",5.5,14000,11000,605,78,123,167,28,5600
SM011,Twitter,2024-01-25,Product Update,"New firmware update available for PetTracker! Improved GPS accuracy and extended battery life. Update now! ğŸ”„ #Update #PetTracker #PawCore","#Update #PetTracker #PawCore #Firmware #TechUpdate",3.7,12000,9500,351,29,45,67,9,1800
SM012,Instagram,2024-01-26,Training Tip,"Training tip: Use SmartCollar's vibration feature to reinforce positive behavior! Much gentler than traditional methods. ğŸ¯ #Training #SmartCollar #PawCore","#Training #SmartCollar #PawCore #PetTraining #PositiveReinforcement",4.3,17000,13000,731,62,98,145,24,4800
SM013,Facebook,2024-01-27,Community,"Join our PawCore community! Share tips, ask questions, and connect with fellow pet parents! ğŸ¤ğŸ¾ #Community #PetParents #PawCore","#Community #PetParents #PawCore #PetCommunity #Support",3.2,22000,16000,704,47,89,112,15,3000
SM014,Instagram,2024-01-28,Product Comparison,"Why choose PawCore? Medical-grade accuracy, 7-day battery life, and 24/7 customer support! ğŸ† #WhyPawCore #PetTech #PawCore","#WhyPawCore #PetTech #PawCore #Comparison #PetSafety",4.6,19000,14500,667,54,112,156,26,5200
SM015,Twitter,2024-01-29,Industry Insight,"Veterinarians are increasingly recommending pet health monitoring devices! HealthMonitor leads the way! ğŸ¥ğŸ“Š #VetTech #HealthMonitor #PawCore","#VetTech #HealthMonitor #PawCore #Veterinary #PetHealth",4.0,14000,11000,440,37,67,89,14,2800
SM016,Instagram,2024-01-30,Customer Review,"'Best pet investment ever! PetTracker gives me peace of mind knowing my dog is always safe.' - Michael C. â­â­â­â­â­ #Reviews #PetTracker #PawCore","#Reviews #PetTracker #PawCore #CustomerReview #PeaceOfMind",5.8,16000,12500,725,89,134,189,32,6400
SM017,Facebook,2024-01-31,Educational,"Geofencing 101: Set up virtual boundaries and get instant alerts when your pet leaves the safe zone! ğŸ—ºï¸ğŸ• #Geofencing #PetTracker #PawCore","#Geofencing #PetTracker #PawCore #PetSafety #HowTo",4.4,26000,19000,836,58,134,167,21,4200
SM018,Instagram,2024-02-01,Product Launch,"Introducing PetTracker Pro! Advanced GPS tracking with extended range and enhanced features! ğŸš€ #NewProduct #PetTrackerPro #PawCore","#NewProduct #PetTrackerPro #PawCore #Launch #PetTech",6.7,22000,17000,1474,156,234,312,45,9000
SM019,Twitter,2024-02-02,Support,"Need help with your PawCore device? Our support team is available 24/7! ğŸ’¬ğŸ“ #Support #CustomerService #PawCore","#Support #CustomerService #PawCore #Help #TechSupport",2.8,10000,8000,224,18,23,34,6,1200
SM020,Instagram,2024-02-03,Behind the Scenes,"Meet our engineering team! They work tirelessly to bring you the best pet wellness technology! ğŸ‘¨â€ğŸ’»ğŸ‘©â€ğŸ’» #Team #Engineering #PawCore","#Team #Engineering #PawCore #BehindTheScenes #Innovation",3.5,13000,10000,350,28,45,56,8,1600
SM021,Facebook,2024-02-04,Educational,"Pet health fact: Early detection can save your pet's life! HealthMonitor provides continuous monitoring for peace of mind. ğŸ¥â¤ï¸ #PetHealth #HealthMonitor #PawCore","#PetHealth #HealthMonitor #PawCore #EarlyDetection #PetCare",4.9,24000,17500,857,67,145,189,29,5800
SM022,Instagram,2024-02-05,User Generated,"Another happy customer! Bella loves her new SmartCollar! ğŸ’•ğŸ• #HappyPets #SmartCollar #PawCore","#HappyPets #SmartCollar #PawCore #UserGenerated #PetLove",5.2,15000,12000,624,78,112,145,27,5400
SM023,Twitter,2024-02-06,Industry News,"PawCore Systems named 'Most Innovative Pet Tech Company 2024' by Pet Industry Weekly! ğŸ†ğŸ“° #Award #Innovation #PawCore","#Award #Innovation #PawCore #PetIndustry #Recognition",4.5,18000,14000,630,45,78,112,18,3600
SM024,Instagram,2024-02-07,Product Feature,"SmartCollar's training mode helps reinforce good behavior without harsh methods! ğŸ¯ğŸ• #Training #SmartCollar #PawCore","#Training #SmartCollar #PawCore #PetTraining #PositiveReinforcement",4.7,17000,13000,799,64,112,156,25,5000
SM025,Facebook,2024-02-08,Community,"Share your pet's favorite PawCore feature! We love hearing from our community! ğŸ¾ğŸ’¬ #Community #PetFeatures #PawCore","#Community #PetFeatures #PawCore #PetCommunity #Engagement",3.8,20000,15000,570,42,89,112,16,3200
